{"cameraMode":{"drawMode":0,"name":"Shaded","section":"Shading Mode"},"sceneLighting":false,"audioPlay":false,"sceneViewState":{"m_AlwaysRefresh":false,"showFog":true,"showSkybox":false,"showFlares":true,"showImageEffects":true,"showParticleSystems":true,"showVisualEffectGraphs":true,"m_FxEnabled":true},"in2DMode":false,"pivot":{"x":0.8142837882041931,"y":0.009130549617111683,"z":-0.24957320094108582},"rotation":{"x":0.42173632979393008,"y":0.31094402074813845,"z":-0.15697787702083589,"w":0.8370545506477356},"size":0.40422970056533816,"orthographic":false}