{"cameraMode":{"drawMode":0,"name":"Shaded","section":"Shading Mode"},"sceneLighting":true,"audioPlay":false,"sceneViewState":{"m_AlwaysRefresh":false,"showFog":true,"showSkybox":true,"showFlares":true,"showImageEffects":true,"showParticleSystems":true,"showVisualEffectGraphs":true,"m_FxEnabled":true},"in2DMode":false,"pivot":{"x":0.5043976902961731,"y":-0.21718654036521913,"z":28.547203063964845},"rotation":{"x":-0.11528026312589646,"y":0.14226482808589936,"z":0.016144229099154474,"w":0.9827917814254761},"size":1.020220398902893,"orthographic":false}