{"cameraMode":{"drawMode":0,"name":"Shaded","section":"Shading Mode"},"sceneLighting":true,"audioPlay":false,"sceneViewState":{"m_AlwaysRefresh":false,"showFog":true,"showSkybox":true,"showFlares":true,"showImageEffects":true,"showParticleSystems":true,"showVisualEffectGraphs":true,"m_FxEnabled":true},"in2DMode":false,"pivot":{"x":-257.77606201171877,"y":42.88128662109375,"z":160.91275024414063},"rotation":{"x":0.519599437713623,"y":-0.10023433715105057,"z":0.061561353504657748,"w":0.8459421396255493},"size":2.126616954803467,"orthographic":false}