{"cameraMode":{"drawMode":0,"name":"Shaded","section":"Shading Mode"},"sceneLighting":true,"audioPlay":false,"sceneViewState":{"m_AlwaysRefresh":false,"showFog":true,"showSkybox":false,"showFlares":true,"showImageEffects":true,"showParticleSystems":true,"showVisualEffectGraphs":true,"m_FxEnabled":true},"in2DMode":false,"pivot":{"x":-258.55999755859377,"y":11.032999992370606,"z":187.16000366210938},"rotation":{"x":-0.2586462199687958,"y":0.332964688539505,"z":-0.09534208476543427,"w":-0.9016166925430298},"size":0.08659736812114716,"orthographic":false}